City_ID,City,Lat,Lng,Max Temp,Humidity,Cloudiness,Wind Speed,Country,Date
0,thompson,55.7435,-97.8558,33.96,80,75,8.05,CA,1699731250
1,vila do maio,15.1333,-23.2167,79.59,68,24,12.57,CV,1699731251
2,margaret river,-33.95,115.0667,51.91,77,77,14.16,AU,1699731251
3,strezhevoy,60.7333,77.5889,31.96,98,100,5.99,RU,1699731252
4,san antonio de pale,-1.4014,5.6325,79.36,83,100,10.78,GQ,1699731253
5,puerto natales,-51.7236,-72.4875,48.65,40,75,18.41,CL,1699731254
6,yinchuan,38.4681,106.2731,26.85,15,0,3.06,CN,1699731255
7,fale old settlement,-9.3852,-171.2468,83.5,74,94,7.2,TK,1699731255
8,college,64.8569,-147.8028,15.75,79,100,4.61,US,1699731237
9,belyy yar,53.6039,91.3903,6.69,92,100,0.0,RU,1699731257
10,whitehorse,60.7161,-135.0538,30.97,92,75,12.66,CA,1699731258
11,peace river,56.2501,-117.286,44.91,56,75,10.36,CA,1699731259
12,sisimiut,66.9395,-53.6735,20.84,92,100,11.86,GL,1699731260
13,hanceville,34.0607,-86.7675,62.51,81,100,8.93,US,1699731155
14,mount pearl,47.5166,-52.7813,38.14,92,100,19.57,CA,1699731261
15,hazleton,40.9584,-75.9746,48.99,57,100,5.75,US,1699730797
16,callao,-12.0667,-77.15,73.69,60,20,14.97,PE,1699731046
17,ulanhot,46.0833,122.0833,14.59,69,11,6.44,CN,1699731264
18,petropavlovsk-kamchatsky,53.0452,158.6483,34.39,98,75,13.42,RU,1699731264
19,sao jose da coroa grande,-8.8978,-35.1478,79.63,66,52,11.23,BR,1699731098
20,luderitz,-26.6481,15.1594,65.01,60,0,23.76,NA,1699731266
21,adamstown,-25.066,-130.1015,73.04,82,48,13.44,PN,1699731267
22,hermanus,-34.4187,19.2345,60.3,85,33,10.42,ZA,1699731268
23,the pas,53.8251,-101.2541,35.62,75,0,19.57,CA,1699731268
24,khandyga,62.6667,135.6,-12.95,96,100,4.12,RU,1699731269
25,puerto gaitan,4.3133,-72.0816,87.35,65,92,6.8,CO,1699731270
26,argo,37.6333,22.7333,62.78,72,99,4.81,GR,1699731271
27,jamestown,42.097,-79.2353,43.52,60,100,9.22,US,1699731272
28,waitangi,-43.9535,-176.5597,54.82,84,3,4.0,NZ,1699731272
29,wailua homesteads,22.0669,-159.378,81.03,80,100,11.5,US,1699731273
30,tafuna,-14.3358,-170.72,85.95,79,20,4.61,AS,1699731274
31,vuktyl,63.8567,57.3094,25.11,98,97,3.0,RU,1699731274
32,port-vila,-17.7338,168.3219,71.2,94,100,14.97,VU,1699731275
33,port-aux-francais,-49.35,70.2167,37.85,66,11,14.14,TF,1699731276
34,longgang,37.6508,120.3286,42.26,54,100,14.09,CN,1699731277
35,klyuchi,52.2667,79.1667,40.33,81,100,12.06,RU,1699731278
36,severo-yeniseyskiy,60.3725,93.0408,19.58,95,100,1.99,RU,1699731279
37,mirnyy,62.5353,113.9611,14.23,61,100,15.99,RU,1699731279
38,punta arenas,-53.15,-70.9167,50.02,49,0,16.11,CL,1699731280
39,kodiak,57.79,-152.4072,35.11,55,75,25.32,US,1699731281
40,flying fish cove,-10.4217,105.6791,78.48,78,100,10.36,CX,1699731282
41,ancud,-41.8697,-73.8203,46.45,68,61,20.58,CL,1699731282
42,blackmans bay,-43.0167,147.3167,47.52,78,100,1.01,AU,1699731283
43,mount isa,-20.7333,139.5,71.37,88,14,5.75,AU,1699731284
44,west island,-12.1568,96.8225,78.78,83,40,9.22,CC,1699731286
45,lewistown,40.5992,-77.5714,53.17,71,100,0.0,US,1699731287
46,coquimbo,-29.9533,-71.3436,65.93,63,20,13.8,CL,1699731149
47,bethel,41.3712,-73.414,52.16,56,75,5.75,US,1699731288
48,nyurba,63.2842,118.3319,14.38,89,73,8.08,RU,1699731289
49,lihue,21.9789,-159.3672,81.64,74,100,11.5,US,1699731290
50,kiamba,5.9894,124.6242,77.5,85,67,3.76,PH,1699731290
51,morehead city,34.7229,-76.726,55.98,90,100,11.5,US,1699731225
52,hammerfest,70.6634,23.6821,28.85,69,40,4.61,NO,1699731292
53,albany,42.6001,-73.9662,46.58,55,4,1.01,US,1699731081
54,lodwar,3.1191,35.5973,83.73,54,45,17.0,KE,1699731293
55,saynshand,44.8824,110.1163,4.69,82,4,5.35,MN,1699731294
56,tottori,35.5,134.2333,53.87,87,100,8.61,JP,1699731295
57,st. john's,47.5649,-52.7093,38.97,92,100,19.57,CA,1699731123
58,vila franca do campo,37.7167,-25.4333,69.89,99,6,6.22,PT,1699731296
59,quellon,-43.1167,-73.6167,45.05,79,96,17.34,CL,1699731124
60,iqaluit,63.7506,-68.5145,17.33,78,75,11.5,CA,1699731298
61,trairi,-3.2778,-39.2689,80.83,69,0,13.2,BR,1699731094
62,pacific grove,36.6177,-121.9166,74.39,36,0,15.01,US,1699731129
63,grytviken,-54.2811,-36.5092,37.45,91,54,2.82,GS,1699731300
64,sinabang,2.4803,96.3801,78.82,85,100,4.03,ID,1699731300
65,ewo,-0.8725,14.8206,72.16,94,96,2.75,CG,1699731301
66,kapa'a,22.0752,-159.319,82.38,80,100,11.5,US,1699731302
67,polyarnyy,69.1989,33.4478,22.6,87,91,6.13,RU,1699731303
68,happy valley-goose bay,53.3168,-60.3315,28.71,64,75,5.75,CA,1699731304
69,lovrin,45.9681,20.7703,45.19,64,100,19.8,RO,1699731304
70,puerto baquerizo moreno,-0.9,-89.6,83.39,61,40,18.41,EC,1699731305
71,porto novo,6.4965,2.6036,82.22,83,8,5.68,BJ,1699731308
72,kristiansund,63.1115,7.732,36.25,69,75,5.75,NO,1699731309
73,iskateley,67.6803,53.1512,16.02,95,21,7.0,RU,1699731310
74,tumaco,1.7986,-78.8156,81.72,75,81,12.95,CO,1699731312
75,el calafate,-50.3408,-72.2768,44.01,59,100,10.83,AR,1699731111
76,badger,64.8,-147.5333,15.67,79,100,4.61,US,1699731314
77,tolanaro,-25.0319,46.9987,73.47,64,40,13.8,MG,1699731315
78,wanning,18.8003,110.3967,76.89,91,12,5.37,CN,1699731316
79,hwange,-18.3693,26.5019,79.11,39,27,4.09,ZW,1699731317
80,general levalle,-34.0147,-63.9241,81.63,28,0,7.31,AR,1699731317
81,oued rhiou,35.9612,0.919,68.58,69,15,5.84,DZ,1699731318
82,al ghayzah,16.2079,52.176,81.55,70,100,7.49,YE,1699731319
83,el empalme,-40.7226,-64.9922,78.67,21,100,41.79,AR,1699731320
84,avarua,-21.2078,-159.775,75.25,88,75,5.75,CK,1699731321
85,port elizabeth,-33.918,25.5701,65.32,80,40,11.5,ZA,1699731322
86,valdez,1.2492,-78.9831,80.08,80,90,13.38,EC,1699731323
87,uzgen,40.7699,73.3007,43.09,44,100,3.6,KG,1699731324
88,bilibino,68.0546,166.4372,-23.48,100,37,4.23,RU,1699731326
89,puerto colombia,10.9878,-74.9547,91.49,74,97,10.65,CO,1699731175
90,parabel',58.6978,81.4825,33.91,98,100,8.01,RU,1699731327
91,lewisville,33.0462,-96.9942,64.94,52,75,9.22,US,1699731328
92,port lincoln,-34.7333,135.8667,54.41,72,98,14.9,AU,1699731329
93,puerto ayora,-0.7393,-90.3518,87.76,89,69,8.99,EC,1699731330
94,howrah,22.5892,88.3103,75.2,83,0,0.0,IN,1699731330
95,genhe,50.7833,121.5167,-6.09,99,11,2.51,CN,1699731332
96,udachny,66.4167,112.4,10.45,87,98,11.86,RU,1699731333
97,invercargill,-46.4,168.35,60.03,56,100,15.99,NZ,1699731334
98,thunder bay,48.4001,-89.3168,37.38,65,100,5.75,CA,1699731297
99,quepos,9.4236,-84.1652,82.58,81,99,4.41,CR,1699731335
100,garissa,-0.4536,39.6401,81.37,75,91,11.05,KE,1699731336
101,preobrazheniye,42.9019,133.9064,23.04,59,0,7.56,RU,1699731337
102,mega,4.05,38.3,62.65,69,76,10.87,ET,1699731338
103,la passe,45.5549,-0.8967,52.03,97,100,15.1,FR,1699731339
104,saipan,15.1355,145.701,83.1,83,40,19.57,MP,1699731339
105,lebu,-37.6167,-73.65,52.32,51,12,15.5,CL,1699731138
106,seosan,36.7817,126.4522,40.6,59,100,14.7,KR,1699731341
107,naze,28.3667,129.4833,59.92,87,98,14.41,JP,1699731342
108,an nuhud,12.7,28.4333,83.91,44,85,4.61,SD,1699731343
109,fiambala,-27.6871,-67.6149,95.99,4,0,28.72,AR,1699731343
110,cabedelo,-6.9811,-34.8339,84.87,69,63,15.57,BR,1699731287
111,ilulissat,69.2167,-51.1,19.42,45,75,9.22,GL,1699731345
112,touros,-5.1989,-35.4608,80.19,68,5,13.82,BR,1699731345
113,fortaleza,-3.7227,-38.5247,86.07,60,0,16.11,BR,1699731346
114,constantia,44.1833,28.65,52.7,77,37,17.31,RO,1699731092
115,schleiz,50.5833,11.8167,39.13,84,87,10.45,DE,1699731348
116,olonkinbyen,70.9221,-8.7187,33.82,98,100,12.57,SJ,1699731348
117,fortuna,40.5982,-124.1573,64.92,69,0,3.0,US,1699731349
118,ghanzi,-21.5667,21.7833,85.06,21,8,9.95,BW,1699731350
119,san fernando de apure,7.8878,-67.4724,85.5,77,100,1.99,VE,1699731350
120,tosontsengel,48.7567,98.2839,-10.1,85,43,0.98,MN,1699731351
121,aasiaat,68.7098,-52.8699,11.95,77,100,8.08,GL,1699731352
122,east london,-33.0153,27.9116,65.95,76,31,14.29,ZA,1699731173
123,yung shue wan,22.2333,114.1167,76.75,88,100,17.96,HK,1699731353
124,altai,46.3722,96.2583,12.79,56,100,3.0,MN,1699731354
125,nuuk,64.1835,-51.7216,23.61,74,75,6.91,GL,1699731356
126,yeraliyev,43.2,51.65,50.16,68,10,10.54,KZ,1699731357
127,neunkirchen am brand,49.612,11.1297,39.96,85,75,5.75,DE,1699731358
128,onega,63.9061,38.1404,27.32,91,99,4.72,RU,1699731358
129,east ballina,-28.8667,153.5833,61.81,83,21,8.95,AU,1699731359
130,altamira,-3.2033,-52.2064,89.28,51,94,6.46,BR,1699731190
131,prince rupert,54.3161,-130.3201,46.09,75,75,13.8,CA,1699731075
132,igarka,67.4667,86.5833,16.09,95,100,13.15,RU,1699731361
133,stanley,54.868,-1.6985,40.28,95,75,2.3,GB,1699731337
134,salgado,-11.0319,-37.475,81.3,59,5,9.42,BR,1699731364
135,edinburgh of the seven seas,-37.0676,-12.3116,58.57,90,87,21.52,SH,1699731365
136,mount gambier,-37.8333,140.7667,45.48,86,4,3.42,AU,1699731366
137,la ronge,55.1001,-105.2842,32.25,74,20,13.8,CA,1699731367
138,susuman,62.7833,148.1667,-27.9,100,82,0.18,RU,1699731368
139,tura,25.5198,90.2201,64.56,87,0,3.89,IN,1699731369
140,hawaiian paradise park,19.5933,-154.9731,75.04,95,100,10.36,US,1699731370
141,ust-nera,64.5667,143.2,-28.35,98,72,3.91,RU,1699731370
142,pointe aux piments,-20.0628,57.5131,75.52,81,72,3.91,MU,1699731371
143,ribeira brava,32.65,-17.0667,72.23,81,100,3.42,PT,1699731372
144,arish,31.1316,33.7984,75.06,62,100,1.41,EG,1699731373
145,selfoss,63.9331,-20.9971,35.04,88,100,7.74,IS,1699731373
146,malango,-2.9627,119.9001,67.48,97,100,1.41,ID,1699731374
147,samut sakhon,13.5833,100.3,79.0,93,100,7.45,TH,1699731375
148,northam,51.0333,-4.2167,49.66,90,100,13.6,GB,1699731338
149,rechka-vydrino,51.485,104.8461,26.67,67,2,5.12,RU,1699731377
150,tamanrasset,22.785,5.5228,73.31,10,0,4.61,DZ,1699731378
151,gubkinskiy,64.434,76.5026,32.4,94,100,17.4,RU,1699731378
152,chonchi,-42.6128,-73.8092,47.41,93,96,10.69,CL,1699731380
153,thames,-37.1333,175.5333,57.04,70,11,4.27,NZ,1699731381
154,kuusamo,65.9667,29.1833,14.04,92,0,4.61,FI,1699731383
155,san patricio,28.017,-97.5169,59.85,89,100,7.2,US,1699731384
156,qaqortoq,60.7167,-46.0333,26.2,73,44,8.77,GL,1699731384
157,yanykurgan,43.915,67.2481,47.07,58,100,10.8,KZ,1699731385
158,barclayville,4.6797,-8.2339,77.65,90,34,4.41,LR,1699731386
159,roma,43.2128,-75.4557,40.57,63,20,13.8,US,1699731367
160,saint-georges,12.0564,-61.7485,76.68,100,75,13.8,GD,1699731388
161,atafu village,-8.5421,-172.5159,83.52,77,93,8.3,TK,1699731389
162,ribeira grande,38.5167,-28.7,68.4,94,75,15.99,PT,1699731390
163,utrik,11.2278,169.8474,81.73,83,100,18.5,MH,1699731391
164,chibougamau,49.9168,-74.3659,26.22,68,100,8.05,CA,1699731392
165,minas de marcona,-15.2119,-75.1103,63.88,76,64,15.05,PE,1699731393
166,saint-louis,16.3333,-15.0,89.24,12,73,9.33,SN,1699731394
167,chui,-33.6971,-53.4616,75.92,79,56,12.15,UY,1699731394
168,hotan,37.0997,79.9269,41.38,34,17,6.02,CN,1699731395
169,tsiombe,-25.3,45.4833,69.64,69,0,16.84,MG,1699731396
170,korla,41.7597,86.1469,37.45,77,10,5.88,CN,1699731397
171,yellowknife,62.456,-114.3525,31.41,100,75,9.22,CA,1699731399
172,seryshevo,51.0933,128.3786,0.59,93,20,5.64,RU,1699731400
173,palmer,42.1584,-72.3287,51.03,46,0,11.5,US,1699731400
174,puerto madryn,-42.7692,-65.0385,71.44,30,100,28.54,AR,1699731401
175,podporozh'ye,60.9112,34.1706,41.09,97,100,2.68,RU,1699731402
176,shambu,9.5667,37.1,52.95,79,75,3.22,ET,1699731403
177,kargasok,59.0556,80.8572,33.96,94,100,5.99,RU,1699731404
178,tambura,5.6,27.4667,73.35,85,62,4.0,SS,1699731405
179,south venice,27.0531,-82.4243,89.64,70,3,5.99,US,1699731405
180,galveston,29.3669,-94.9669,62.06,89,100,1.99,US,1699731406
181,svetlyy,54.675,20.1347,46.36,92,91,1.81,RU,1699731407
182,isafjordur,66.0755,-23.124,33.6,87,100,5.32,IS,1699731407
183,el dorado,38.7666,-120.5177,65.64,51,72,5.5,US,1699731408
184,berbera,10.4396,45.0143,83.17,72,98,11.05,SO,1699731409
185,merrimac,42.8307,-71.0023,48.99,47,0,9.22,US,1699731324
186,dapa,9.7594,126.0531,80.83,79,11,4.63,PH,1699731410
187,rabaul,-4.1967,152.1721,77.76,79,89,11.83,PG,1699731411
188,ushtobe,45.2514,77.9838,47.34,56,100,5.03,KZ,1699731412
189,necochea,-38.5473,-58.7368,67.75,54,2,9.73,AR,1699731413
190,karratha,-20.7377,116.8463,73.62,61,7,12.82,AU,1699731413
191,zarghun shahr,32.8473,68.4457,40.93,35,9,4.23,AF,1699731414
192,rawdon,46.0501,-73.7159,34.12,63,43,5.82,CA,1699731415
193,bikenibeu village,1.3673,173.1241,82.36,83,100,12.66,KI,1699731415
194,arraial do cabo,-22.9661,-42.0278,80.46,74,0,13.8,BR,1699731192
195,terralba,39.7192,8.6392,60.98,85,72,6.67,IT,1699731417
196,kuta,-8.7233,115.1723,80.55,83,20,5.01,ID,1699731337
197,tionk essil,12.7856,-16.5217,82.36,48,98,6.46,SN,1699731418
198,kailua-kona,19.6406,-155.9956,80.56,80,75,3.44,US,1699731419
199,bei'an,24.5399,109.533,57.81,83,98,13.51,CN,1699731419
200,general pico,-35.6566,-63.7568,81.73,32,0,1.88,AR,1699731420
201,condoto,5.0935,-76.6497,81.25,92,100,4.47,CO,1699731421
202,luganville,-15.5333,167.1667,77.77,82,98,15.86,VU,1699731421
203,tazacorte,28.629,-17.9293,71.15,90,75,10.36,ES,1699731422
204,zadawa,11.4496,10.3672,80.28,22,47,8.25,NG,1699731423
205,kapuskasing,49.4169,-82.4331,30.29,80,100,6.91,CA,1699731424
206,khovd,48.0056,91.6419,22.66,97,100,1.83,MN,1699731425
207,ushuaia,-54.8,-68.3,42.46,81,75,19.57,AR,1699731425
208,paracuru,-3.41,-39.0306,82.11,70,0,13.91,BR,1699731414
209,westport,41.1415,-73.3579,54.18,51,75,8.05,US,1699731427
210,kuhdasht,33.535,47.6061,60.58,39,98,1.36,IR,1699731429
211,vorgashor,67.5833,63.95,19.76,96,100,8.43,RU,1699731430
212,antsiranana,-12.2787,49.2917,77.85,82,47,11.12,MG,1699731431
213,sivas,39.7916,37.0019,54.23,58,0,13.8,TR,1699731432
214,codrington,-38.2667,141.9667,54.18,62,100,8.77,AU,1699731428
215,qeshm,26.9581,56.2719,73.29,57,100,3.56,IR,1699731433
216,colonia menno,-22.3667,-59.8167,113.95,15,24,22.59,PY,1699731434
217,zhangye,38.9342,100.4517,27.59,37,99,2.95,CN,1699731284
218,shaowu,27.3409,117.4831,58.39,97,100,3.85,CN,1699731436
219,bredasdorp,-34.5322,20.0403,60.17,74,4,12.19,ZA,1699731257
220,juneau,58.3019,-134.4197,39.42,97,100,10.36,US,1699731322
221,norton,-17.8833,30.7,69.28,51,56,8.21,ZW,1699731438
222,puerto leguizamo,-0.1934,-74.7819,81.82,90,89,2.44,CO,1699731439
223,medicine hat,50.0501,-110.6683,52.23,43,40,28.77,CA,1699731440
224,keflavik,64.0049,-22.5624,37.83,87,75,12.66,IS,1699731367
225,papatowai,-46.5619,169.4708,56.64,52,100,13.02,NZ,1699731441
226,dibba al-hisn,25.6196,56.2729,71.78,40,92,2.21,AE,1699731443
227,gebeit,21.0667,36.3167,76.3,65,1,8.37,SD,1699731444
228,sanctuary point,-35.1114,150.629,64.74,81,100,6.17,AU,1699731445
229,georgetown,5.4112,100.3354,78.03,97,20,2.3,MY,1699731338
230,dudinka,69.4058,86.1778,14.85,96,100,8.32,RU,1699731446
231,blonie,52.1985,20.6171,48.11,93,100,4.59,PL,1699731448
232,carauari,-4.8828,-66.8958,92.79,50,91,2.75,BR,1699731449
233,aykhal,66.0,111.5,5.65,92,100,6.71,RU,1699731177
234,beledweyne,4.7358,45.2036,78.17,80,100,4.94,SO,1699731450
235,tanumah,27.1,44.1333,71.49,27,38,6.69,SA,1699731451
236,mirny,62.5353,113.9611,14.23,61,100,15.99,RU,1699731279
237,vilyuysk,63.7553,121.6247,16.0,90,95,10.0,RU,1699731453
238,belcista,41.3028,20.8303,50.95,54,75,14.97,MK,1699731454
239,grand baie,-20.0182,57.5802,75.45,81,85,3.94,MU,1699731455
240,al kharijah,25.4514,30.5464,81.75,37,100,8.59,EG,1699731455
241,darwin,-12.4611,130.8418,80.94,83,75,4.61,AU,1699731424
242,illizi,26.4833,8.4667,73.2,25,0,6.4,DZ,1699731457
243,bardai,11.65,7.2333,76.77,22,55,6.17,NG,1699731458
244,vadso,70.0744,29.7487,26.76,86,75,13.8,NO,1699731459
245,altamont,42.2068,-121.7372,53.78,66,0,8.99,US,1699731459
246,george town,5.4112,100.3354,78.03,97,20,2.3,MY,1699731460
247,tiksi,71.6872,128.8694,11.53,88,100,16.28,RU,1699731461
248,forster,-32.1667,152.5167,61.38,100,24,7.0,AU,1699731462
249,liuhe,42.2401,125.7172,7.75,99,84,1.86,CN,1699731462
250,brisas de zicatela,15.8369,-97.0419,86.52,54,20,8.05,MX,1699731463
251,alice springs,-23.7,133.8833,78.35,57,6,6.91,AU,1699731464
252,mgandu,-5.95,34.1333,72.57,52,99,11.01,TZ,1699731465
253,cockburn town,21.4612,-71.1419,82.96,74,92,21.27,TC,1699731280
254,mejit,10.2753,170.8646,81.99,81,100,17.13,MH,1699731466
255,zag,46.9441,99.165,2.08,79,31,3.33,MN,1699731467
256,oranjemund,-28.55,16.4333,59.79,90,0,15.5,NA,1699731468
257,horta,38.5333,-28.6333,67.64,94,75,15.99,PT,1699731468
258,queenstown,-31.8976,26.8753,58.89,79,90,8.19,ZA,1699731469
259,anadyr,64.75,177.4833,1.9,77,20,8.95,RU,1699731470
260,bascov,44.9,24.8167,47.68,82,76,16.64,RO,1699731470
261,abalak,58.1286,68.5944,36.36,72,100,3.47,RU,1699731471
262,santa elena de uairen,4.6167,-61.1333,80.19,56,80,4.79,VE,1699731472
263,oistins,13.0667,-59.5333,78.89,89,75,33.38,BB,1699731315
264,shouguang,36.88,118.7375,30.69,47,0,8.37,CN,1699731473
265,caleta de carquin,-11.0925,-77.6267,72.54,72,22,13.71,PE,1699731474
266,tazovsky,67.4667,78.7,24.53,97,100,10.94,RU,1699731475
267,amahai,-3.3333,128.9167,78.48,87,36,2.46,ID,1699731476
268,mili,6.0815,171.735,83.66,79,100,18.72,MH,1699731476
269,jining,35.405,116.5814,32.92,65,1,5.97,CN,1699731477
270,longyearbyen,78.2186,15.6401,24.64,63,75,17.27,SJ,1699731478
271,cabo san lucas,22.8909,-109.9124,86.76,55,0,4.61,MX,1699731334
272,male,4.1748,73.5089,80.55,94,75,3.44,MV,1699731479
273,izyaslav,50.1195,26.8213,44.76,83,100,6.91,UA,1699731480
274,malmberget,67.1753,20.6549,19.96,93,100,0.0,SE,1699731481
275,swakopmund,-22.6833,14.5333,63.45,84,100,6.69,NA,1699731481
276,del rio,29.3627,-100.8968,57.31,91,100,10.36,US,1699731229
277,nelson bay,-32.7167,152.15,68.09,95,18,4.0,AU,1699731483
278,uturoa,-16.7333,-151.4333,80.71,82,93,11.9,PF,1699731484
279,colonia,50.9333,6.95,44.96,85,75,4.61,DE,1699731320
280,talnakh,69.4865,88.3972,14.43,95,100,7.83,RU,1699731485
281,fort bragg,35.139,-79.006,53.46,84,75,6.91,US,1699731486
282,rayachoti,14.05,78.75,68.2,92,71,1.95,IN,1699731487
283,altay,47.8667,88.1167,30.13,81,98,6.76,CN,1699731401
284,aioun,16.6614,-9.6149,84.09,11,38,9.95,MR,1699731488
285,kirakira,-10.4544,161.9205,79.34,88,100,9.93,SB,1699731489
286,oroqen zizhiqi,50.5667,123.7167,3.2,95,12,3.42,CN,1699731490
287,agadez,19.75,10.25,77.4,14,73,7.49,NE,1699731491
288,kuanda,56.3161,116.0806,1.47,96,88,0.98,RU,1699731492
289,kone,-21.0595,164.8658,72.1,69,33,5.01,NC,1699731493
290,mhamid,29.82,-5.72,75.88,22,4,5.64,MA,1699731494
291,at taj,24.2049,23.2857,71.87,35,99,12.01,LY,1699731495
292,curuzu cuatia,-29.7917,-58.0546,92.59,55,83,9.24,AR,1699731497
293,seclin,50.55,3.0333,46.89,86,25,0.0,FR,1699731498
294,salalah,17.0151,54.0924,80.69,78,0,3.44,OM,1699731498
295,ulladulla,-35.35,150.4667,58.77,80,92,3.6,AU,1699731499
296,hamilton,39.1834,-84.5333,53.6,49,0,8.05,US,1699731268
297,anatoli,39.6389,20.8653,51.93,83,75,1.14,GR,1699731500
298,novodvinsk,64.4165,40.8122,18.79,98,72,2.59,RU,1699731501
299,kavaratti,10.5669,72.642,83.21,76,99,4.23,IN,1699731502
300,marsh harbour,26.5412,-77.0636,80.38,74,24,13.29,BS,1699731323
301,lompoc,34.6391,-120.4579,81.01,33,0,3.44,US,1699731503
302,ulcinj,41.9294,19.2244,50.99,60,1,8.21,ME,1699731504
303,revda,56.801,59.9303,34.21,99,100,2.91,RU,1699731505
304,florencia,43.7667,11.25,55.24,86,20,2.3,IT,1699731450
305,tapon,10.0631,123.4453,78.49,86,59,3.18,PH,1699731506
306,hobyo,5.3505,48.5268,80.67,81,100,8.61,SO,1699731507
307,suva,-18.1416,178.4415,74.68,94,75,6.91,FJ,1699731500
308,rockland,41.1668,-74.0496,53.85,52,72,1.01,US,1699731326
309,mendaha,-1.0333,103.5833,76.05,92,49,2.04,ID,1699731509
310,port mathurin,-19.6833,63.4167,76.73,82,6,5.08,MU,1699731510
311,afaahiti,-17.75,-149.2833,85.87,81,87,14.43,PF,1699731510
312,chinchilla,-26.75,150.6333,64.42,80,23,11.56,AU,1699731511
313,kyongsong,41.5878,129.6061,28.27,47,2,4.68,KP,1699731512
314,broken hill,-31.95,141.4333,62.04,30,31,16.13,AU,1699731513
315,alaghsas,17.0187,8.0168,81.55,15,57,9.62,NE,1699731513
316,castelli,-25.9468,-60.6195,113.25,17,67,11.27,AR,1699731514
317,enewetak,11.3474,162.3373,82.8,76,79,15.88,MH,1699731515
318,nabire,-3.3667,135.4833,75.25,88,97,4.5,ID,1699731516
319,talcahuano,-36.7167,-73.1167,55.08,58,20,19.57,CL,1699731517
320,prudentopolis,-25.2131,-50.9778,88.02,43,27,3.98,BR,1699731518
321,praia da vitoria,38.7333,-27.0667,68.25,77,20,8.9,PT,1699731519
322,vernon,50.2581,-119.2691,49.53,62,95,15.01,CA,1699731519
323,tofol,5.3248,163.0078,78.58,89,100,3.44,FM,1699731520
324,katabu,-4.9333,122.5167,74.07,95,69,2.59,ID,1699731521
325,valparaiso,-33.0393,-71.6273,66.0,67,75,5.75,CL,1699731522
326,manta,-0.95,-80.7333,80.38,69,100,12.66,EC,1699731523
327,enchanted hills,35.3368,-106.593,55.27,54,4,3.0,US,1699731460
328,myshkin,57.7897,38.4545,38.08,88,100,6.04,RU,1699731525
329,goure,13.9835,10.2704,84.33,15,67,7.76,NE,1699731526
330,leer,53.2316,7.461,46.94,96,96,1.01,DE,1699731527
331,nishinoomote,30.7333,131.0,66.38,65,100,18.59,JP,1699731527
332,inhuma,-6.6683,-41.7078,96.91,16,63,5.12,BR,1699731528
333,ha'il,27.5219,41.6907,68.02,37,0,4.61,SA,1699731529
334,mawu,29.5923,107.3139,55.9,92,82,2.82,CN,1699731530
335,portland,45.5234,-122.6762,54.45,91,100,8.99,US,1699731145
336,sidi merouane,36.5206,6.2611,65.68,60,12,2.26,DZ,1699731531
337,port saint john's,-31.6229,29.5448,67.53,88,97,12.01,ZA,1699731532
338,kyzyl-suu,42.3414,78.0056,38.71,45,100,5.55,KG,1699731532
339,jayapura,-2.5333,140.7,78.19,92,100,5.06,ID,1699731533
340,haiku-pauwela,20.9219,-156.3051,79.16,67,20,20.71,US,1699731534
341,laranjeiras do sul,-25.4078,-52.4161,84.02,62,30,4.79,BR,1699731535
342,khenchela,35.4358,7.1433,55.51,51,48,3.71,DZ,1699731535
343,kununurra,-15.7667,128.7333,73.38,94,75,0.0,AU,1699731536
344,nova sintra,14.8667,-24.7167,72.75,71,23,12.3,CV,1699731537
345,waslala,13.2333,-85.3833,79.68,92,88,4.92,NI,1699731537
346,colares,38.7992,-9.4469,65.98,91,97,11.81,PT,1699731538
347,banda aceh,5.5577,95.3222,79.77,83,100,3.29,ID,1699731441
348,phan thiet,10.9333,108.1,75.99,88,77,5.61,VN,1699731540
349,okha,53.5739,142.9478,21.52,85,100,17.07,RU,1699731541
350,klaksvik,62.2266,-6.589,36.52,63,95,16.06,FO,1699731542
351,santana,-0.0583,-51.1817,91.58,52,40,16.11,BR,1699731543
352,irtyshsk,53.3333,75.4572,40.44,79,100,7.94,KZ,1699731543
353,arno,60.1167,18.6333,40.78,95,13,4.36,SE,1699731544
354,sabang,5.8933,95.3214,80.51,82,100,7.0,ID,1699731545
355,nagqu,31.5,92.0,24.94,63,100,9.82,CN,1699731385
356,lazaro cardenas,17.9583,-102.2,86.36,64,6,7.05,MX,1699731370
357,mohr,54.3528,9.7167,44.74,97,58,3.44,DE,1699731548
358,suntar,62.1444,117.6319,16.88,82,100,11.03,RU,1699731548
359,arkhangel'sk,64.5401,40.5433,19.13,98,64,1.72,RU,1699731549
360,baruun-urt,46.6806,113.2792,-0.81,89,15,5.21,MN,1699731551
361,chust,41.0094,71.2287,43.99,30,100,1.5,UZ,1699731551
362,al miqdadiyah,33.9786,44.9369,74.98,31,83,4.76,IQ,1699731553
363,dryden,49.7833,-92.7503,28.69,80,100,8.05,CA,1699731553
364,walvis bay,-22.9575,14.5053,63.55,77,100,8.05,NA,1699731554
365,elliot lake,46.3834,-82.6331,34.03,68,98,3.18,CA,1699731555
366,taybad,34.74,60.7756,50.7,72,0,6.82,IR,1699731556
367,nyandoma,61.669,40.1991,34.7,99,100,1.77,RU,1699731556
368,sitka,57.0531,-135.33,40.89,81,75,6.91,US,1699731301
369,lilongwe,-13.9669,33.7873,70.92,75,7,4.83,MW,1699731558
370,ghardaia,32.4909,3.6735,70.95,28,0,4.61,DZ,1699731559
371,mwinilunga,-11.7358,24.4293,63.09,91,56,1.48,ZM,1699731560
372,gizo,-8.103,156.8419,81.54,73,100,17.25,SB,1699731560
373,pariaman,-0.619,100.12,73.45,89,21,3.53,ID,1699731561
374,puerto aysen,-45.4,-72.7,43.54,98,100,5.39,CL,1699731562
375,raja,8.4596,25.678,75.67,72,92,5.01,SS,1699731563
376,tadmur,34.5608,38.2805,65.66,48,84,4.61,SY,1699731563
377,ulan bator,47.9077,106.8832,-2.07,78,0,2.24,MN,1699731513
378,sao jose da tapera,-9.5583,-37.3811,87.13,34,8,19.39,BR,1699731565
379,qingyuan,23.7,113.0333,71.58,87,100,7.29,CN,1699731566
380,umm kaddadah,13.6017,26.6876,84.87,26,94,6.49,SD,1699731566
381,bangui,4.3612,18.555,72.03,95,57,0.89,CF,1699731553
382,nadi,-17.8,177.4167,78.8,69,75,9.22,FJ,1699731568
383,piacabucu,-10.4056,-36.4344,79.88,68,4,11.36,BR,1699731568
384,chifeng,42.2683,118.9636,12.56,81,14,4.38,CN,1699731569
385,decorah,43.3033,-91.7857,45.52,57,0,9.22,US,1699731570
386,bonthe,7.5264,-12.505,79.11,83,100,7.18,SL,1699731570
387,afif,23.9065,42.9172,70.47,27,6,8.97,SA,1699731571
388,malvan,16.0667,73.4667,80.92,62,63,6.6,IN,1699731572
389,shimokizukuri,40.8061,140.3861,38.52,88,100,7.54,JP,1699731572
390,kuqa,41.7278,82.9364,43.21,52,54,2.82,CN,1699731573
391,vilyuchinsk,52.9306,158.4028,35.87,73,59,43.98,RU,1699731574
392,papao,-17.75,-149.55,87.48,78,67,12.5,PF,1699731574
393,alliston,44.1501,-79.8663,39.07,67,99,4.0,CA,1699731575
394,beira,-19.8436,34.8389,75.29,100,0,5.75,MZ,1699731576
395,gamba,-2.65,10.0,75.29,95,100,2.77,GA,1699731577
396,newman,37.3138,-121.0208,67.23,41,100,4.0,US,1699731350
397,uyuni,-20.4597,-66.825,63.95,19,12,17.11,BO,1699731578
398,angaur state,6.906,134.13,83.91,76,100,15.03,PW,1699731579
399,pont rouge,48.8833,-72.0825,30.49,81,100,9.48,CA,1699731579
400,kusadasi,37.8556,27.2566,75.76,86,99,11.14,TR,1699731580
401,cill airne,52.05,-9.5167,45.66,92,100,17.45,IE,1699731581
402,lethem,3.3803,-59.7968,93.58,41,98,7.72,GY,1699731582
403,la toma,-33.0526,-65.6238,87.67,14,0,7.45,AR,1699731582
404,zalingei,12.9096,23.4741,78.39,32,23,2.21,SD,1699731583
405,kizel,59.0471,57.6477,38.23,100,99,2.37,RU,1699731584
406,yoko,5.5333,12.3167,68.25,92,100,2.33,CM,1699731584
407,miri,4.4148,114.0089,77.14,94,40,2.3,MY,1699731585
408,vodnyy,63.5046,53.4095,30.42,85,100,7.14,RU,1699731586
409,mankivka,49.5923,38.4048,46.9,56,100,20.22,UA,1699731587
410,kardla,58.9978,22.7492,42.06,93,100,4.27,EE,1699731587
411,yerofey pavlovich,53.9667,121.9667,11.01,73,99,4.07,RU,1699731588
412,chengdu,30.6667,104.0667,54.43,93,75,13.42,CN,1699731508
413,partenit,44.578,34.3446,59.81,94,100,23.09,UA,1699731589
414,strelka,58.0728,93.0344,22.26,87,100,3.15,RU,1699731590
415,fada,9.5667,8.3,74.57,45,46,1.03,NG,1699731591
416,vom,9.7333,8.7833,70.57,30,43,3.94,NG,1699731592
417,remire-montjoly,4.9167,-52.2667,83.17,75,7,12.03,GF,1699731592
418,murudeshwara,14.0943,74.4845,78.42,63,82,5.93,IN,1699731593
419,isangel,-19.55,169.2667,74.17,68,13,15.59,VU,1699731594
420,heroica matamoros,25.8833,-97.5,61.86,97,100,16.11,MX,1699731449
421,alamosa,37.4695,-105.87,40.98,45,0,0.0,US,1699731595
422,barra de santo antonio,-9.4047,-35.5072,85.28,68,76,11.05,BR,1699731596
423,tayu,-6.5397,111.0518,78.76,81,22,6.58,ID,1699731597
424,powell river,49.8496,-124.5361,53.24,76,75,2.3,CA,1699731597
425,pisco,-13.7,-76.2167,71.65,78,100,11.5,PE,1699731598
426,stuarts draft,38.0301,-79.0336,61.36,33,0,0.0,US,1699730870
427,namibe,-15.1961,12.1522,69.48,80,90,3.96,AO,1699731351
428,hafar al-batin,28.4328,45.9708,68.58,34,0,5.75,SA,1699731600
429,gadzhiyevo,69.2551,33.3362,21.85,89,91,6.49,RU,1699731413
430,ostroleka,53.0862,21.5757,44.92,87,100,5.12,PL,1699731570
431,piti village,13.4626,144.6933,83.28,78,0,14.97,GU,1699731604
432,new norfolk,-42.7826,147.0587,48.7,81,93,3.42,AU,1699731605
433,christchurch,-43.5333,172.6333,63.54,89,55,4.61,NZ,1699731320
434,nova vicosa,-17.8919,-39.3719,80.55,68,0,17.34,BR,1699731606
435,devarkonda,16.7,78.9333,72.21,76,15,0.74,IN,1699731607
436,vila velha,-20.3297,-40.2925,84.15,81,0,20.71,BR,1699731608
437,protaras,35.0125,34.0583,68.99,91,100,9.8,CY,1699731609
438,valenca do piaui,-6.4075,-41.7456,98.47,15,63,6.64,BR,1699731611
439,pirapora do bom jesus,-23.3969,-47.0022,95.0,30,6,4.07,BR,1699731612
440,jilib,0.4883,42.7854,77.13,87,59,4.23,SO,1699731613
441,istgah-e rah ahan-e garmsar,35.2346,52.3094,62.51,39,16,4.5,IR,1699731614
442,yeppoon,-23.1333,150.7333,67.78,66,81,11.25,AU,1699731614
443,hadibu,12.65,54.0333,79.84,86,100,13.33,YE,1699731615
444,charlottetown,46.2352,-63.1267,35.78,97,100,6.91,CA,1699731616
445,chinnachowk,14.4752,78.8354,71.55,90,36,3.0,IN,1699731617
446,pasni,25.2631,63.471,77.22,55,6,2.86,PK,1699731618
447,island harbour,50.724,-1.2758,48.47,90,100,7.0,GB,1699731336
448,jingdezhen,29.2947,117.2079,52.66,94,100,4.59,CN,1699731619
449,pangody,65.85,74.4859,30.97,98,100,14.25,RU,1699731620
450,alma,48.5501,-71.6491,31.21,83,100,9.51,CA,1699731621
451,holyhead,53.3062,-4.6321,47.28,87,88,4.61,GB,1699731622
452,tromso,69.6496,18.957,30.22,86,40,5.75,NO,1699731544
453,ilhabela,-23.7781,-45.3581,78.49,81,1,6.67,BR,1699731624
454,shiyan,32.6475,110.7781,39.76,93,60,4.43,CN,1699731625
455,ghadamis,30.1337,9.5007,67.73,34,0,5.55,LY,1699731626
456,kourou,5.1552,-52.6478,83.98,71,9,11.32,GF,1699731626
457,tsengel,49.4783,100.8894,8.28,80,1,2.53,MN,1699731627
458,nemuro,43.3236,145.575,34.74,71,4,13.02,JP,1699731628
459,derzhavinsk,51.1,66.3167,40.91,85,89,10.29,KZ,1699731629
460,malinyi,-8.9333,36.1333,81.07,59,100,2.48,TZ,1699731630
461,egilsstadir,65.2653,-14.3948,19.31,86,0,4.61,IS,1699731631
462,mana,5.6592,-53.7767,83.57,72,14,15.5,GF,1699731632
463,ra-ngae,6.2968,101.7284,79.12,94,100,3.58,TH,1699731632
464,linden,6.0,-58.3,85.32,60,100,3.76,GY,1699731633
465,jimma,7.6667,36.8333,60.76,89,100,1.05,ET,1699731634
466,hilo,19.7297,-155.09,75.25,96,100,10.36,US,1699731599
467,hithadhoo,-0.6,73.0833,80.98,83,28,10.74,MV,1699731636
468,amasra,41.7463,32.3863,67.37,62,100,8.66,TR,1699731637
469,nejo,9.5,35.5,57.81,83,14,2.01,ET,1699731637
470,taltal,-25.4,-70.4833,68.13,63,22,8.43,CL,1699731638
471,tadine,-21.55,167.8833,72.97,66,52,20.02,NC,1699731639
472,vylkove,45.4021,29.586,57.31,68,41,13.29,UA,1699731640
473,lyangasovo,58.5176,49.4472,36.0,79,99,4.0,RU,1699731641
474,bilovods'k,49.2085,39.5897,47.01,56,100,19.04,UA,1699731641
475,chernyshevskiy,63.0128,112.4714,12.45,85,100,9.19,RU,1699731642
476,port alfred,-33.5906,26.891,65.17,88,34,4.0,ZA,1699731643
477,gongchangling,41.1167,123.45,19.02,69,12,3.06,CN,1699731644
478,weno,7.4515,151.8468,82.35,89,40,8.05,FM,1699731645
479,waingapu,-9.6567,120.2641,80.49,78,100,1.36,ID,1699731646
480,novoagansk,61.9449,76.6625,32.52,98,100,7.81,RU,1699731646
481,urucui,-7.2294,-44.5561,99.1,21,9,5.97,BR,1699731648
482,timbuktu,16.7735,-3.0074,87.55,14,0,8.37,ML,1699731648
483,constitucion,-35.3333,-72.4167,50.52,87,100,10.94,CL,1699731649
484,shalkar,47.8288,59.6258,40.87,79,100,18.16,KZ,1699731650
485,ta`u,-14.2336,-169.5144,81.57,80,54,11.1,AS,1699731651
486,inhambane,-23.865,35.3833,75.18,78,20,13.8,MZ,1699731651
487,naracoorte,-36.9579,140.7383,42.73,94,14,4.76,AU,1699731652
488,jaguarari,-10.2639,-40.1958,88.66,21,0,9.17,BR,1699731600
489,san juan de miraflores,-12.1629,-76.9635,72.12,76,51,10.13,PE,1699731653
490,tyumentsevo,53.3224,81.498,35.49,91,100,9.4,RU,1699731654
491,lincheng,19.9078,109.6858,76.68,91,10,9.53,CN,1699731655
492,eastham,41.8301,-69.9739,50.32,56,0,8.99,US,1699731655
493,puerto lleras,3.0223,-73.4044,87.17,62,50,4.03,CO,1699731656
494,yeniseysk,58.4497,92.1703,21.94,87,100,4.0,RU,1699731657
495,mazatlan,23.2167,-106.4167,80.91,79,100,4.0,MX,1699731640
496,sakaiminato,35.55,133.2333,53.58,100,75,8.05,JP,1699731659
497,arochukwu,5.3898,7.914,75.49,95,100,3.47,NG,1699731659
498,taoudenni,22.6783,-3.9836,82.29,11,1,5.84,ML,1699731660
499,urengoy,65.9667,78.3667,24.26,97,100,10.38,RU,1699731661
500,changji,44.0167,87.3167,32.79,100,100,4.47,CN,1699731661
501,dakhla,23.6848,-15.958,69.12,80,9,17.56,EH,1699731662
502,bechar,31.6167,-2.2167,71.92,28,0,5.75,DZ,1699731663
503,aldan,58.6031,125.3894,12.97,90,100,11.34,RU,1699731664
504,amga,60.8953,131.9608,9.27,96,100,3.11,RU,1699731665
505,chegdomyn,51.1167,133.0167,1.81,99,49,0.83,RU,1699731665
506,kiruna,67.8557,20.2251,22.12,100,100,0.0,SE,1699731666
507,agapovka,53.2973,59.1348,40.93,94,100,12.21,RU,1699731667
508,chos malal,-37.3781,-70.2709,53.74,52,76,23.4,AR,1699731668
509,buala,-8.145,159.5921,79.74,87,100,7.87,SB,1699731669
510,le plateau,5.3604,-3.89,81.66,83,40,9.22,CI,1699731669
511,puerto princesa,9.7392,118.7353,78.67,85,67,3.2,PH,1699731670
512,sao joao da barra,-21.6403,-41.0511,86.09,84,0,17.45,BR,1699731499
513,port macquarie,-31.4333,152.9167,61.9,84,16,12.73,AU,1699731424
514,chehalis,46.662,-122.964,52.65,93,75,9.22,US,1699731672
515,antonio enes,-16.2325,39.9086,76.37,75,1,7.85,MZ,1699731673
516,rongelap,11.1635,166.8941,81.3,82,100,16.89,MH,1699731674
517,maragogi,-9.0122,-35.2225,79.45,66,53,11.18,BR,1699731675
518,qarqaraly,49.4058,75.4742,38.16,82,100,12.1,KZ,1699731676
519,hasaki,35.7333,140.8333,52.29,70,100,17.38,JP,1699731676
520,saint-valery-en-caux,49.8667,0.7333,42.84,91,100,9.22,FR,1699731677
521,aomori,40.8244,140.74,38.52,89,88,10.0,JP,1699731678
522,filadelfia,39.9523,-75.1638,57.88,47,75,12.66,US,1699731446
523,yelizovo,53.1873,158.3805,35.74,51,75,20.13,RU,1699731680
524,plettenberg bay,-34.0527,23.3716,62.53,74,72,11.45,ZA,1699731681
525,sur,22.5667,59.5289,79.03,57,96,7.83,OM,1699731682
526,ghazni,33.5536,68.4269,43.84,29,44,0.74,AF,1699731682
527,watampone,-4.5386,120.3279,76.71,86,33,3.58,ID,1699731683
528,palikir - national government center,6.9248,158.1611,75.94,94,75,3.44,FM,1699731427
529,bellary,15.15,76.9333,70.99,79,29,5.68,IN,1699731684
530,jinjiang,24.8198,118.5741,71.02,71,82,11.25,CN,1699731685
531,tevriz,57.509,72.4042,32.18,99,100,2.66,RU,1699731686
532,rio verde de mato grosso,-18.9181,-54.8442,106.21,14,45,12.37,BR,1699731687
533,paita,-5.0892,-81.1144,73.44,71,48,18.23,PE,1699731688
534,glace bay,46.1969,-59.957,43.05,70,40,12.66,CA,1699731321
535,beni mellal,32.3373,-6.3498,69.42,37,0,8.05,MA,1699731689
536,santa isabel,-23.3156,-46.2214,94.3,28,15,6.31,BR,1699731439
537,zubova polyana,54.0771,42.8372,38.08,89,100,8.03,RU,1699731690
538,kisangani,0.5167,25.2,68.58,98,98,1.77,CD,1699731691
539,chebba,35.2372,11.115,67.95,65,41,10.8,TN,1699731692
540,canutama,-6.5339,-64.3831,95.79,38,86,0.98,BR,1699731693
541,ormara,25.2088,64.6357,78.91,51,40,7.23,PK,1699731693
542,sharypovo,55.5403,89.2008,33.26,83,100,5.01,RU,1699731663
543,tommot,58.9564,126.2925,18.09,88,100,14.16,RU,1699731695
544,bodo,67.28,14.405,32.04,64,0,24.16,NO,1699731696
545,pampa del indio,-26.0647,-59.919,112.57,17,99,11.65,AR,1699731696
546,tres arroyos,-38.3739,-60.2798,80.58,19,0,8.5,AR,1699731697
547,bel ombre,-4.6167,55.4167,80.44,83,20,6.91,SC,1699731698
548,quibala,-10.7337,14.98,63.99,97,100,1.81,AO,1699731698
549,ola,59.5833,151.2833,-0.51,82,6,11.95,RU,1699731699
550,basco,20.4487,121.9702,81.34,66,6,11.83,PH,1699731700
551,lorengau,-2.0226,147.2712,79.92,79,100,8.16,PG,1699731701
552,san angelo,31.4638,-100.437,58.59,84,100,3.44,US,1699731702
553,anchorage,61.2181,-149.9003,28.31,93,100,5.75,US,1699731533
554,laguna,38.421,-121.4238,70.02,47,0,4.61,US,1699731703
555,kencong,-8.2833,113.3667,76.46,89,12,2.01,ID,1699731704
556,talara,-4.5772,-81.2719,79.56,61,0,16.11,PE,1699731486
557,namie,37.4833,141.0,40.71,84,100,4.63,JP,1699731705
558,polur,12.5,79.1333,71.38,91,100,4.59,IN,1699731706
559,mahina,-17.5065,-149.489,87.57,58,20,13.8,PF,1699731707
560,bima,-8.4667,118.7167,76.71,91,83,3.29,ID,1699731707
561,stornoway,58.2093,-6.3865,44.56,81,100,6.91,GB,1699731708
562,mstsislaw,54.0192,31.7257,39.49,90,100,13.44,BY,1699731709
563,fort mcmurray,56.7268,-111.381,33.39,80,100,14.97,CA,1699731710
564,santo antonio do leverger,-15.8656,-56.0767,104.38,21,85,7.49,BR,1699731711
565,riverton,40.5219,-111.9391,56.05,29,0,10.36,US,1699731712
566,hachinohe,40.5,141.5,35.74,88,16,5.75,JP,1699731713
567,katsuura,35.1333,140.3,58.01,81,100,15.3,JP,1699731713
568,richards bay,-28.783,32.0377,72.39,85,99,9.66,ZA,1699731456
569,akureyri,65.6835,-18.0878,22.93,86,0,2.3,IS,1699731715
570,uttar char fasson,22.2332,90.7132,73.4,67,5,8.99,BD,1699731715
571,scotts valley,37.0511,-122.0147,72.72,47,80,1.99,US,1699731716
572,kingston,17.997,-76.7936,92.35,61,20,20.71,JM,1699731717
573,zdolbuniv,50.5206,26.2425,47.14,85,100,7.45,UA,1699731718
574,ugoofaaru,5.6667,73.0,82.42,75,71,5.03,MV,1699731718
575,parchim,53.4263,11.8488,44.1,91,86,5.3,DE,1699731720
576,khost,33.3395,69.9204,56.59,50,8,0.54,AF,1699731721
